{"name":"c7230db5-5e91-4abe-8701-51091f4d4d3d","id":"/providers/Microsoft.Flow/flows/c7230db5-5e91-4abe-8701-51091f4d4d3d","type":"Microsoft.Flow/flows","properties":{"apiId":"/providers/Microsoft.PowerApps/apis/shared_logicflows","displayName":"Copy of - Employee Onboarding (DEMO)","definition":{"metadata":{"workflowEntityId":null,"processAdvisorMetadata":null,"flowChargedByPaygo":null,"flowclientsuspensionreason":"None","flowclientsuspensiontime":null,"flowclientsuspensionreasondetails":null,"creator":{"id":"25cf6db2-f6ca-4a35-8634-cbcb879ad52e","type":"User","tenantId":"bb4f1f97-07ae-4cef-8666-f3185851cf82"},"provisioningMethod":"FromDefinition","failureAlertSubscription":true,"clientLastModifiedTime":"2025-11-14T15:50:37.9157758Z","connectionKeySavedTimeKey":"2025-11-14T15:50:37.9157758Z","creationSource":null,"modifiedSources":"Portal"},"$schema":"https://schema.management.azure.com/providers/Microsoft.Logic/schemas/2016-06-01/workflowdefinition.json#","contentVersion":"1.0.0.0","parameters":{"$authentication":{"defaultValue":{},"type":"SecureObject"},"$connections":{"defaultValue":{},"type":"Object"}},"triggers":{"When_a_new_response_is_submitted":{"splitOn":"@triggerOutputs()?['body/value']","metadata":{"operationMetadataId":"e21eb923-51b0-42b5-9697-bcab72dcfb85"},"type":"OpenApiConnectionWebhook","inputs":{"parameters":{"form_id":"lx9Pu64H70yGZvMYWFHPgrJtzyXK9jVKhjTLy4ea1S5UQTFHVk05Wkg3QUIwVzNNN1BKWFQyWEE1Ni4u"},"host":{"apiId":"/providers/Microsoft.PowerApps/apis/shared_microsoftforms","connectionName":"shared_microsoftforms","operationId":"CreateFormWebhook"},"authentication":"@parameters('$authentication')"}}},"actions":{"Get_response_details":{"runAfter":{},"metadata":{"operationMetadataId":"9243b0b5-0396-498a-87dc-6b07586b6810"},"type":"OpenApiConnection","inputs":{"parameters":{"form_id":"lx9Pu64H70yGZvMYWFHPgrJtzyXK9jVKhjTLy4ea1S5UQTFHVk05Wkg3QUIwVzNNN1BKWFQyWEE1Ni4u","response_id":"@triggerOutputs()?['body/resourceData/responseId']"},"host":{"apiId":"/providers/Microsoft.PowerApps/apis/shared_microsoftforms","connectionName":"shared_microsoftforms","operationId":"GetFormResponseById"},"authentication":"@parameters('$authentication')"}},"Employee_Object":{"runAfter":{"Get_response_details":["Succeeded"]},"metadata":{"operationMetadataId":"cbee422c-4c30-4415-8a0e-4a48dc137263"},"type":"InitializeVariable","inputs":{"variables":[{"name":"Employee Object","type":"object","value":{"firstName":"@outputs('Get_response_details')?['body/rdf3c7dffb9f040eba3371da3c53c5c92']","lastName":"@concat(\r\n    toUpper(substring(outputs('Get_response_details')?['body/rc881d91993da40549c423dee7dd885a7'], 0, 1)),\r\n    toLower(substring(outputs('Get_response_details')?['body/rc881d91993da40549c423dee7dd885a7'], 1, sub(length(outputs('Get_response_details')?['body/rc881d91993da40549c423dee7dd885a7']), 1)))\r\n)\r\n","fullName":"@concat(concat(\r\n    toUpper(substring(outputs('Get_response_details')?['body/rdf3c7dffb9f040eba3371da3c53c5c92'], 0, 1)),\r\n    toLower(substring(outputs('Get_response_details')?['body/rdf3c7dffb9f040eba3371da3c53c5c92'], 1, sub(length(outputs('Get_response_details')?['body/rdf3c7dffb9f040eba3371da3c53c5c92']), 1)))\r\n)\r\n, ' ',\r\nconcat(\r\n    toUpper(substring(outputs('Get_response_details')?['body/rc881d91993da40549c423dee7dd885a7'], 0, 1)),\r\n    toLower(substring(outputs('Get_response_details')?['body/rc881d91993da40549c423dee7dd885a7'], 1, sub(length(outputs('Get_response_details')?['body/rc881d91993da40549c423dee7dd885a7']), 1)))\r\n))","positionTitle":"@outputs('Get_response_details')?['body/r2037b88182684e7da6a2d28a7baf8211']","employeeType":"@outputs('Get_response_details')?['body/r50dc211066094c6b894b023b080f0edc']","employeeDepartment":"@outputs('Get_response_details')?['body/raf1fecc868ec4d90ac59883702f86c58']","employeeEmail":"@concat(\r\n    toLower(substring(concat(\r\n    toUpper(substring(outputs('Get_response_details')?['body/rdf3c7dffb9f040eba3371da3c53c5c92'], 0, 1)),\r\n    toLower(substring(outputs('Get_response_details')?['body/rdf3c7dffb9f040eba3371da3c53c5c92'], 1, sub(length(outputs('Get_response_details')?['body/rdf3c7dffb9f040eba3371da3c53c5c92']), 1)))\r\n)\r\n, 0, 1)),\r\n    toLower(first(split(concat(\r\n    toUpper(substring(outputs('Get_response_details')?['body/rc881d91993da40549c423dee7dd885a7'], 0, 1)),\r\n    toLower(substring(outputs('Get_response_details')?['body/rc881d91993da40549c423dee7dd885a7'], 1, sub(length(outputs('Get_response_details')?['body/rc881d91993da40549c423dee7dd885a7']), 1)))\r\n)\r\n, ' '))),\r\n    '@schooldist.org'\r\n)","employeePassword":"@concat(toUpper(substring(outputs('Get_response_details')?['body/rc881d91993da40549c423dee7dd885a7'], 0, 3)), formatDateTime(utcNow(), 'MM'), toLower(substring(outputs('Get_response_details')?['body/rdf3c7dffb9f040eba3371da3c53c5c92'], 0, 1)), formatDateTime(utcNow(), 'dd'))","alternateEmail":"@concat(\r\n    toLower(substring(outputs('Get_response_details')?['body/rdf3c7dffb9f040eba3371da3c53c5c92'], 0, 2)),\r\n    toLower(first(split(outputs('Get_response_details')?['body/rc881d91993da40549c423dee7dd885a7'], ' '))),\r\n    '@schooldist.org'\r\n)"}}]}},"Management_list_object":{"runAfter":{"Get_response_details":["Succeeded"]},"metadata":{"operationMetadataId":"6d18a6c0-d1fe-4531-be77-4f1e7be440b0"},"type":"InitializeVariable","inputs":{"variables":[{"name":"Management","type":"object","value":{"School":[],"Department":["user@schooldist.org"],"Food Services":[],"Transportation":[],"Special Education":[],"Maintenance":[],"District Office":[]}}]}},"Start_and_wait_for_an_approval":{"runAfter":{"Create_user":["Failed"]},"metadata":{"operationMetadataId":"f201cbf1-892a-4d00-b99e-73baed11a68b"},"type":"OpenApiConnectionWebhook","inputs":{"parameters":{"approvalType":"Basic","WebhookApprovalCreationInput/title":"Staff Onboarding","WebhookApprovalCreationInput/assignedTo":"user@schooldist.org","WebhookApprovalCreationInput/details":"Employee Name:  @{outputs('Get_response_details')?['body/rdf3c7dffb9f040eba3371da3c53c5c92']} @{outputs('Get_response_details')?['body/rc881d91993da40549c423dee7dd885a7']}\n\nEmployee Title: @{outputs('Get_response_details')?['body/r2037b88182684e7da6a2d28a7baf8211']}\n\nEmployee School/Location: @{outputs('Get_response_details')?['body/raf1fecc868ec4d90ac59883702f86c58']}\n\nEmployee Email: @{variables('Employee Object')?['alternateEmail']}","WebhookApprovalCreationInput/requestor":"@outputs('Get_response_details')?['body/responder']","WebhookApprovalCreationInput/enableNotifications":true,"WebhookApprovalCreationInput/enableReassignment":true},"host":{"apiId":"/providers/Microsoft.PowerApps/apis/shared_approvals","connectionName":"shared_approvals","operationId":"StartAndWaitForAnApproval"},"authentication":"@parameters('$authentication')"}},"Employee_Email_is_Approved":{"actions":{"Create_Alternate_User":{"metadata":{"operationMetadataId":"aa6b2dc9-7f95-4e00-a47e-f5b0b67da407"},"type":"OpenApiConnection","inputs":{"parameters":{"body/accountEnabled":true,"body/displayName":" @{variables('Employee Object')?['fullName']}","body/mailNickname":"@split(variables('Employee Object')?['alternateEmail'], '@')[0]","body/passwordProfile/password":"@variables('Employee Object')?['employeePassword']","body/userPrincipalName":"@variables('Employee Object')?['alternateEmail']","body/givenName":"@variables('Employee Object')?['firstName']","body/surname":"@variables('Employee Object')?['lastName']","body/department":"@outputs('Get_response_details')?['body/raf1fecc868ec4d90ac59883702f86c58']","body/jobTitle":"@outputs('Get_response_details')?['body/r2037b88182684e7da6a2d28a7baf8211']","body/officeLocation":"@outputs('Get_response_details')?['body/raf1fecc868ec4d90ac59883702f86c58']"},"host":{"apiId":"/providers/Microsoft.PowerApps/apis/shared_azuread","connectionName":"shared_azuread","operationId":"CreateUser"},"authentication":"@parameters('$authentication')"}},"Add_user_to_group_-_2":{"runAfter":{"Create_Alternate_User":["Succeeded"]},"metadata":{"operationMetadataId":"fb6fae18-9ce8-43d8-84e1-305bbf128136"},"type":"OpenApiConnection","inputs":{"parameters":{"body/@odata.id":"@outputs('Create_Alternate_User')?['body/id']","id":"b39e3a0b-f3bf-4790-9bd5-dbd7bcd96ec0"},"host":{"apiId":"/providers/Microsoft.PowerApps/apis/shared_azuread","connectionName":"shared_azuread","operationId":"AddUserToGroup"},"authentication":"@parameters('$authentication')"}},"Send_email_to_employee_-_2":{"runAfter":{"Create_Alternate_User":["Succeeded"]},"metadata":{"operationMetadataId":"1573f40d-9792-4556-a393-a5bbd93877e0"},"type":"OpenApiConnection","inputs":{"parameters":{"emailMessage/To":"@outputs('Create_Alternate_User')?['body/userPrincipalName']","emailMessage/Cc":"user@schooldist.org","emailMessage/Subject":"Welcome to SchoolDist","emailMessage/Body":"<p class=\"editor-paragraph\">Here is some helpful information, congratulations on completing the onboarding process.</p><br><p class=\"editor-paragraph\">For IT Tickets email techsupport@schooldist.org</p><br><p class=\"editor-paragraph\">For maintenance requests, contact the front office.</p>"},"host":{"apiId":"/providers/Microsoft.PowerApps/apis/shared_gmail","connectionName":"shared_gmail","operationId":"SendEmailV2"},"authentication":"@parameters('$authentication')"}},"Send_email_based_on_Location_or_Department_-2":{"runAfter":{"Create_Alternate_User":["Succeeded"]},"metadata":{"operationMetadataId":"1d11cb75-b7e8-4201-9d95-3795a621b0c1"},"type":"OpenApiConnection","inputs":{"parameters":{"emailMessage/To":"@join(variables('Management')?[outputs('Get_response_details')?['body/raf1fecc868ec4d90ac59883702f86c58']], ';')","emailMessage/Subject":"Employee Onboarding Confirmation -  @{variables('Employee Object')?['fullName']} ","emailMessage/Body":"<p class=\"editor-paragraph\">Hello,<br><br>This is an automated notification to inform you that the employee onboarding script has been executed successfully and a new employee has been added to our IT systems.<br><br>Below are the details of the new employee's employment:<br><br>Employee Name: @{variables('Employee Object')?['fullName']}<br>Employee Title: @{outputs('Get_response_details')?['body/r2037b88182684e7da6a2d28a7baf8211']}<br>Employee School/Location: @{outputs('Get_response_details')?['body/raf1fecc868ec4d90ac59883702f86c58']}<br>Employee Email: @{variables('Employee Object')?['alternateEmail']}<br>Temporary Password: @{variables('Employee Object')?['employeePassword']}<br><br>Thank you for your attention to this matter. Best regards</p><br>"},"host":{"apiId":"/providers/Microsoft.PowerApps/apis/shared_gmail","connectionName":"shared_gmail-1","operationId":"SendEmailV2"},"authentication":"@parameters('$authentication')"}}},"runAfter":{"Start_and_wait_for_an_approval":["Succeeded"]},"else":{"actions":{"Terminate":{"runAfter":{"Send_email_to_Responder":["Succeeded"]},"metadata":{"operationMetadataId":"5d70da8c-b59c-486d-a8c9-96d0efc49b8c"},"type":"Terminate","inputs":{"runStatus":"Succeeded"}},"Send_email_to_Responder":{"metadata":{"operationMetadataId":"de1534f3-4ab5-457b-a048-ac5a2f760872"},"type":"OpenApiConnection","inputs":{"parameters":{"emailMessage/To":"@outputs('Get_response_details')?['body/responder']","emailMessage/Subject":"Employee Creation Form for @{outputs('Get_response_details')?['body/rdf3c7dffb9f040eba3371da3c53c5c92']} @{outputs('Get_response_details')?['body/rc881d91993da40549c423dee7dd885a7']}  not processed","emailMessage/Body":"<p class=\"editor-paragraph\">Hello,</p><br><p class=\"editor-paragraph\">Your recent form submission has not been processed due to the following:</p><br><p class=\"editor-paragraph\">@{outputs('Start_and_wait_for_an_approval')?['body/responses'][0]?['comments']\r\n}<br><br></p><br>"},"host":{"apiId":"/providers/Microsoft.PowerApps/apis/shared_gmail","connectionName":"shared_gmail-1","operationId":"SendEmailV2"},"authentication":"@parameters('$authentication')"}}}},"expression":{"and":[{"equals":["@outputs('Start_and_wait_for_an_approval')?['body/outcome']","Approve"]}]},"metadata":{"operationMetadataId":"3d9218b9-e82a-43b3-a898-cbc4c6df253e"},"type":"If"},"Create_user":{"runAfter":{"Employee_Object":["Succeeded"]},"metadata":{"operationMetadataId":"e98843c9-f3bc-46ad-8d5b-339d301ad08e"},"type":"OpenApiConnection","inputs":{"parameters":{"body/accountEnabled":true,"body/displayName":" @{variables('Employee Object')?['fullName']}","body/mailNickname":"@split(variables('Employee Object')?['employeeEmail'], '@')[0]","body/passwordProfile/password":"@variables('Employee Object')?['employeePassword']","body/userPrincipalName":"@variables('Employee Object')?['employeeEmail']","body/givenName":"@variables('Employee Object')?['firstName']","body/surname":"@variables('Employee Object')?['lastName']","body/department":"@outputs('Get_response_details')?['body/raf1fecc868ec4d90ac59883702f86c58']","body/jobTitle":"@outputs('Get_response_details')?['body/r2037b88182684e7da6a2d28a7baf8211']","body/officeLocation":"@outputs('Get_response_details')?['body/raf1fecc868ec4d90ac59883702f86c58']"},"host":{"apiId":"/providers/Microsoft.PowerApps/apis/shared_azuread","connectionName":"shared_azuread","operationId":"CreateUser"},"authentication":"@parameters('$authentication')"}},"Add_user_to_group_1":{"runAfter":{"Create_user":["Succeeded"]},"metadata":{"operationMetadataId":"52e1c9e5-6b0e-4d78-a98d-77db693bfa3a"},"type":"OpenApiConnection","inputs":{"parameters":{"body/@odata.id":"@outputs('Create_user')?['body/id']","id":"b39e3a0b-f3bf-4790-9bd5-dbd7bcd96ec0"},"host":{"apiId":"/providers/Microsoft.PowerApps/apis/shared_azuread","connectionName":"shared_azuread","operationId":"AddUserToGroup"},"authentication":"@parameters('$authentication')"}},"Send_email_based_on_Location_or_Department_1":{"runAfter":{"Create_user":["Succeeded"]},"metadata":{"operationMetadataId":"29f86836-fd26-46a8-80de-3c19b08ec780"},"type":"OpenApiConnection","inputs":{"parameters":{"emailMessage/To":"@join(variables('Management')?[outputs('Get_response_details')?['body/raf1fecc868ec4d90ac59883702f86c58']], ';')","emailMessage/Subject":"Employee Onboarding Confirmation -  @{variables('Employee Object')?['fullName']} ","emailMessage/Body":"<p class=\"editor-paragraph\">Hello,<br><br>This is an automated notification to inform you that the employee onboarding script has been executed successfully and a new employee has been added to our IT systems.<br><br>Below are the details of the new employee's employment:<br><br>Employee Name: @{variables('Employee Object')?['fullName']}<br>Employee Title: @{outputs('Get_response_details')?['body/r2037b88182684e7da6a2d28a7baf8211']}<br>Employee School/Location: @{outputs('Get_response_details')?['body/raf1fecc868ec4d90ac59883702f86c58']}<br>Employee Email: @{variables('Employee Object')?['employeeEmail']}<br>Temporary Password: @{variables('Employee Object')?['employeePassword']}<br><br>Thank you for your attention to this matter. Best regards</p><br>"},"host":{"apiId":"/providers/Microsoft.PowerApps/apis/shared_gmail","connectionName":"shared_gmail-1","operationId":"SendEmailV2"},"authentication":"@parameters('$authentication')"}},"Send_email_to_employee_1":{"runAfter":{"Create_user":["Succeeded"]},"metadata":{"operationMetadataId":"b1a44c56-bbe6-400a-b06f-835f3c1f0c81"},"type":"OpenApiConnection","inputs":{"parameters":{"emailMessage/To":"@outputs('Create_user')?['body/userPrincipalName']","emailMessage/Cc":"user@schooldist.org","emailMessage/Subject":"Welcome to SchoolDist","emailMessage/Body":"<p class=\"editor-paragraph\">Here is some helpful information, congratulations on completing the onboarding process.</p><br><p class=\"editor-paragraph\">For IT Tickets email techsupport@schooldist.org</p><br><p class=\"editor-paragraph\">For maintenance requests, contact the front office.</p>"},"host":{"apiId":"/providers/Microsoft.PowerApps/apis/shared_gmail","connectionName":"shared_gmail","operationId":"SendEmailV2"},"authentication":"@parameters('$authentication')"}}},"outputs":{}},"connectionReferences":{"shared_microsoftforms":{"connectionName":"shared-microsoftform-b7d484d1-303d-45b3-8ec3-5a6b2e1c3ca2","source":"Embedded","id":"/providers/Microsoft.PowerApps/apis/shared_microsoftforms","tier":"NotSpecified","apiName":"microsoftforms","isProcessSimpleApiReferenceConversionAlreadyDone":false},"shared_approvals":{"connectionName":"shared-approvals-c8bb0aba-9217-4947-80c3-225fd32caf6a","source":"Embedded","id":"/providers/Microsoft.PowerApps/apis/shared_approvals","tier":"NotSpecified","apiName":"approvals","isProcessSimpleApiReferenceConversionAlreadyDone":false},"shared_azuread":{"connectionName":"shared-azuread-0b1baad2-a49b-4506-b88d-336433321707","source":"Embedded","id":"/providers/Microsoft.PowerApps/apis/shared_azuread","tier":"NotSpecified","apiName":"azuread","isProcessSimpleApiReferenceConversionAlreadyDone":false},"shared_gmail":{"connectionName":"shared-gmail-5dccdf6c-5e51-44e5-ba79-de736beda08d","source":"Embedded","id":"/providers/Microsoft.PowerApps/apis/shared_gmail","tier":"NotSpecified","apiName":"gmail","isProcessSimpleApiReferenceConversionAlreadyDone":false},"shared_gmail-1":{"connectionName":"shared-gmail-b0ad9d60-e6e5-4233-87f7-42bb796493eb","source":"Embedded","id":"/providers/Microsoft.PowerApps/apis/shared_gmail","tier":"NotSpecified","apiName":"gmail","isProcessSimpleApiReferenceConversionAlreadyDone":false}},"flowFailureAlertSubscribed":false,"isManaged":false}}